label,site_mcc,patho_auc,group
manual/raw,0.8434119016927066,0.7998878558773698,manual
manual/sitewise,0.9688929279320149,0.8012379427162108,manual
manual/combat,0.9678952519936488,0.8074315690558691,manual
manual/neurocombat,0.9661476598200146,0.8077853923275348,manual
manual/covbat,0.924322986159796,0.7913792017938344,manual
dann/dann_final,0.23280597570904868,0.794581467836394,dann
dann/dann_best,0.2410684796912113,0.7863825199450495,dann
