features,method,AUC_mean,AUC_std,MCC_mean,MCC_std
manual,raw,0.7998878558773698,0.07815797307416873,0.39901479589637,0.13354250929508876
manual,sitewise,0.8012379427162108,0.06430987881891631,0.4067094467612389,0.11563351117916455
manual,combat,0.8074315690558691,0.06707306715699685,0.4187628505588916,0.12306726176774556
manual,neurocombat,0.8077853923275348,0.07242615250807571,0.42023871448505423,0.12177472663056382
manual,covbat,0.7913792017938344,0.07015841470318061,0.3917529882297874,0.1277446044264846
dann (dann_final),raw,0.7946016939683493,0.06936039844012098,0.4133884397721851,0.13273398975824854
dann (dann_best),raw,0.7843367269594707,0.06679656551696062,0.4069939932234837,0.1324759372663041
