features,method,MCC_mean,MCC_std
manual,raw,0.8434119016927066,0.007046393531750021
manual,sitewise,0.9688929279320149,0.0015773522068392594
manual,combat,0.9678952519936488,0.0019780806140073433
manual,neurocombat,0.9661476598200146,0.002317303910583597
manual,covbat,0.924322986159796,0.003949222178268163
dann (dann_final),raw,0.23280597570904868,0.011043497004510768
dann (dann_best),raw,0.2410684796912113,0.007668637243849205
