features,method,MCC_mean,MCC_std
manual,raw,0.8434770991288356,0.007400988579337072
manual,sitewise,0.9688929279320149,0.0015773522068392594
manual,combat,0.9678952519936488,0.0019780806140073433
manual,neurocombat,0.9661476598200146,0.002317303910583597
manual,covbat,0.924322986159796,0.003949222178268163
dann (dann_final),raw,0.2407573868440153,0.008416028684575607
dann (dann_best),raw,0.24622798305077304,0.006120939419833171
