Hospital,Accuracy,Precision,Recall,F1-Score,AUC,MCC
TER_L,0.7793380140421263,0.8058089741202755,0.7586327782646801,0.7815095702419647,0.8617105228531522,0.560079659633107
TER_L,0.7793084572575495,0.7910720819612148,0.7720049991073022,0.781422246317882,0.8629482142048195,0.5588121316137216
TER_L,0.7779501688418363,0.7928808557727776,0.7664467819575682,0.7794397606744629,0.8632925193816487,0.5563334334591962
TER_L,0.7778995433789955,0.7987025023169602,0.7619805481874448,0.7799095022624435,0.8625087645034895,0.5566397825547084
TER_L,0.7823464912280702,0.8019269964795257,0.7672398510902322,0.784200036238449,0.864660833744537,0.5654391152562945
