Hospital,Accuracy,Precision,Recall,F1-Score,AUC,MCC
TER_L,0.7925594966718337,0.8177102630603927,0.7737072743207712,0.7951004233090155,0.8753275431374921,0.5862985579842209
TER_L,0.7958215491287292,0.8050063486305097,0.7923585074093912,0.7986323555875472,0.8775063488129784,0.591666145370986
TER_L,0.7899972620242767,0.80359765051395,0.7805312889998217,0.7918965361309578,0.8740839563192663,0.5803007856043697
TER_L,0.7912328767123288,0.8082342177493138,0.781078691423519,0.7944244604316547,0.8766469877576646,0.5828418495737514
TER_L,0.7995248538011696,0.8202936257201263,0.7824853749335224,0.8009435674106333,0.8825863536552494,0.5999324373480842
